vaAddress,vaName
0x67a57535b11445506a9e340662cd0c9755e5b1b4,MultiSigWallet
0x71da31e0a3100f964f5bd3b498cafbf26e82e46c,MultiSigWallet
0x157619745fad54b257213a9203a96471e34bb875,MultiSigWallet
0xf61052b9e16d20e210364b555161cce140aba0e6,XWALLET
0x65989eF43806Fefd20223826AD0c4dCDD310aDCd,MultiSigWallet
0x26626ca1bd4d6a57e68917e235e216ea461c0093,DonationWallet
0x175E3fe868622c40A829EE9E4A963402b68C6dEB,MultiSigWalletWithDailyLimit
0x0cf1125c00b054044aa4f0fc8c4807ec98216fbb,(AnkorusWallet) MultiSigWalletWithDailyLimit
0x02624Cd186CACCF51Ed379Ef3967981C7D98186c,MultiSigWalletWithDailyLimit
0x9d70E84cf0598cCf36a64fD0C4e486fBC6a12F66,MultiSigWalletWithDailyLimit
0x520f1214aebf4507a02cf5c5ac7e236e772db95f,MultiSigWallet
0xa3ef350655ca518f6bafe3d335cbf019999c3e5d,MultiSigWallet
0xd37df7051977462c84d2a89cd78a0a91ff85d645,MultiSigWalletWithDailyLimit
0xd99a1e29dfb5a23a0e33e1475bb2390eb535620b,MultiSigWallet
0x04b01b16a26d6ab977b6df6EbC63bB842906AE11,MultiSigWallet
0x5a5528c23084704a82ea2ed14baba3c37e0b1077,MultiSigWallet
0xf6f31defbaddc5c558c70476560e9abe763fba47,TokenWallet
0x2bbd9bd455db31f3a9262013e346d1ab5259391d,MultiSigWallet
0x2ec79c67cb6ad4e3f8206fd8264620f3c476ebbd,MultiSigWalletWithDailyLimit
0x794d08a63ce6896acfddfe24fa285d6d584a1411,MultiSigWalletWithDailyLimit
0x5acbe8b82bec243f420214b35ed5b6cad2055f07,MultiSigWalletWithDailyLimit
0xd0c5f83feefd42e3a5e639d200c4ecd36749f41f,MultiSigWallet
0x3a6386e7701bf9c0d5b983d5e0bcec78331749d9,MultiSigWalletWithDailyLimit
0x1160ec99b6f5fb875b55e61644f715353839909c,FsTKColdWallet
0x57829d2213000f0723febc1a175e584462bbe01f,MultiSigWallet
0xe1377e465121776d8810007576034c7e0798cd46,MultiSigWallet
0xb4a3fb248d39370c1f8081b73fa7098167c8142b,LPCWalletReserveWrapper
0x5E13cF7CB1701F2051E92f9dea9A6C7B5999f5e0,SmartWallet
0x18a583e7a535ab8623f03ed2a853a7f9d8d4f1c4,MultiSigWallet
0x6909d7fce51fb70daabc1173c521f2600dd5fa35,TraxionWallet
0x042ae5dd4f08fcbf848c48487642b4195d160283,TraxionWallet
0x554bc53533876fc501b230274f47598cbd435b5e,MultiSigWallet
0x05a3cb0aca929d577d4ef186a7853e84e385257c,MultiSigWallet
0x0d341E13F9f9bd6e02FA97e249A0a27522b0EFB1,SmartWallet
0x2e48F0759E83d696CAA54a724CC226fE4Bc54444,MultiSigWallet
0xb7fd162235ea6e786c418b1ef27300bd424a3310,Wallet
0x04746b890d090ae3c4c5df0101cfd089a4faca6c,MultiSigWallet
0x99c885206fd5aec8576417a37283eb7f35633407,MultiSigWallet
0xd49e65db1aee6e8c06177799d30c235107facc24,MultiSigWallet
0x7a078d85ff5fb35e2595345c0a96a111f4c793f7,DonationWallet
0xaa0ae3459f9f3472d1237015cafc1aafc6f03c63,MultiSigWalletWithDailyLimit
0x8839ca791e499fb659c6cb4bdc59bb413ac7aab1,FreezeTokensWallet
0xe439d6db9d81b04d6e0c0604b8121e85f3cfa66b,MultiSigWalletWithDailyLimit
0x2f85e6449bcf407cf8a83f82bc006c97a5fc3ebb,MultiSigWallet
0xdb2f9f086561d378d8d701fedd5569b515f9e7f7,MultiSigWallet
0x892e09df99d67499333b4c2abaac22e395a41a0b,MultiSigWalletTokenLimit
0x8220afe52f461a80afdba527070fd8c75f39b602,MultiSigWalletWithDailyLimit
0x3d49be967b884b91078a7946a772be1c804e806c,MultiSigWallet
0x6dadb75e3ec4ff80897324e0cce991b5f699a0d2,MultiSigWallet
0xd8acacc58568169049ed2d357bee4e1f7ca74969,MultiSigWallet
0xfcd3cdce919d9e28289444938cf95d6ec78898d4,MultiSigWalletWithDailyLimit
0x8c8675898360d4115e32c0196e8e0a35d4c29840,MultiSigWallet
0xbc33a1f908612640f2849b56b67a4de4d179c151,MultiSigWalletWithDailyLimit
0xa41a8ce739a0ac33db3d60917b8c327bac506349,MultiSigWallet
0x9bB0CB5e21657768c049275761427E4B19343281,MultiSigWallet
0x8e3b6673b88a722d6be7df05ca9fe94264fdd1a4,IntermediateWallet
0x21c9e434c669c4d73f55215a6f2130a185e127ac,WalletLibrary
0x688f1e33cf097c878a5713caa9e07acc72d2343c,MultiSigWallet
0xe88b9b0826920bf95cd269dcb7515406586609fb,MultiSigWalletWithDailyLimit
0x9bf347e249385e8acb916a07baf1b6c4aeb9df09,MultiSigWalletWithDailyLimit
0x0bc5a4a7439d68777cb77594ab1a84548b545b79,MultiSigWalletWithDailyLimit
0xd498c820a05d430dc52752db4c5e52952606f5b8,MultiSigWallet
0x5f2d2849c9c35f3e3e26776ee6e03e18809fe595,VestedMultisigWallet
0x4a8d3a662e0fd6a8bd39ed0f91e4c1b729c81a38,HODLWallet
0xecfd249f3fb1c32b45b58c67110a25ce9de1ddb5,AlphaMarketTeamBountyWallet
0xd58a2e914f31c708442ff58871deb3a57c3322fc,MultiSigWalletWithDailyLimit
0x6c9873e811083bf939253d2a86839d72957272f0,MultiSigWalletWithDailyLimit
0xb7f23050cbf4bd773935b442269aa7d5c3cf341c,MultiSigWallet
0x6844d79095a2383ed45a5aa062e7f73ef54161e7,MultiSigWalletWithDailyLimit
0x69c0ece4112403a97dc86dea0647bf3c384d8f58,MultiSigWallet
0xAC5956BE81D94a5D1BC2d07A4E7639f9F8B3D416,MultiSigWalletWithDailyLimit
0xff7a1d565ff66406639bd45482e0a7d0a82845df,WalletLibrary
0x29f03502fdde4760a15a355a67d2d77de13fe453,MultiSigWalletWithDailyLimit
0x146f2fba9eba1b72d5162a56e3e5da6c0f4808cc,(TracetoMultiSig) MultiSigWalletWithDailyLimit
0x00cf36853aa4024fb5bf5cc377dfd85844b411a0,MultiSigWalletWithDailyLimit
0x8cedc93dee5dfb96ae27597f3c14d2bc9d6c05fb,MultiSigWalletWithDailyLimit
0x37f25bd26848cf02614c29338dd71a4d03b62218,MultiSigWalletWithDailyLimit
0x5c15741c7abb1b0e8fb0bd41b5ed8c17219926a1,MultiSigWalletWithDailyLimit
0xd86fce1890bf98fc086b264a66ca96c7e3b03b40,MultiSigWallet
0x4791eba0afdc1237d25dca5b25d7f1699fa78d4e,VendMultiSigWallet
0x1f0cf7afa0161b0d8e9ec076fb62bb00742d314a,MultiSigWallet
0x69e3b5d1e6847a25a1216112dfe4ce580b46f456,MultiSigWallet
0xc799dec7682ccf111a38bea5dcae687031c63620,MultiSigWalletWithDailyLimit
0x20d0cd0fcc12cfce583deb8c627066ba795fca76,UserWallet
0x02cb1adc98e984a67a3d892dbb7ed72b36da7b07,MultiSigWallet
0x0644a6111d472bdfcf4f12e0089ebb3f69d6bda7,MultiSigWalletWithDailyLimit
0x74fEA5583d51DC763a303609f4164b929E454AF7,MultiSigWallet
0x5957b11e1c49ba92890a155f8fee9028462e17f0,MultiSigWallet
0x42a9253168ef7757a437310bd291ea1f82a86679,MultiSigWalletWithDailyLimit
0x73b29c2a2dd1c18fe95cc43f67e5d202651794fe,VestingWallet
0x3c5f3161deae3e444f334cf5a5f85cca914a8397,MultiSigWalletWithDailyLimit
0x9f88aa955637deefd189195f70dc2f12ec818bce,MultiSigWallet
0x86b19623a986df24a594014c49bfc68b134042d6,MultiSigWallet
0x367285dc8ba90d5f1317aac7c0e3e68002970b80,AgentWallet
0xcde042543307966bc16eff3cdca4d32b23408c4c,MultiSigWallet
0x98fe1d52649a3a13863647c6789f16e46e090377,WalletWithEmergencyTransfer
0xd9ae56f73db24c1de0cb8c05a310b26f1f33e855,MultiSigWallet
0x342a6b08baffedd937bcf996f334be5cc3b3a8ed,MultiSigWallet
0x926cda2a604b8d5eebb6dc7dfe0e7018c82cbffe,MultiSigWallet
0xb3af8d08975e5c6bc98cb2f8646e54539e2d8f0d,MultiSigWalletWithDailyLimit
0x9b984d5a03980d8dc0a24506c968465424c81dbe,(PrysmaticLabsMultisig) MultiSigWallet
0xd6f8aabbbeaba0ed626e6edb798e8ada5799db84,MultiSigWalletWithDailyLimit
0xb1ca059d80de5acacc75874489ffdfeb3b849b49,MultiSigWallet
0xcb631c6f9a968e3858da70a15e380b7965edfd84,MultiSigWalletWithDailyLimit
0x70E29C7124585a20EDe4E78B615d3a3B2b4DAd5C,DefensorWallet
0x94e0ad4b2edf353ef83f8cd6d4709ee4155515ed,MultiSigWalletWithDailyLimit
0x047123122015491df4064ec443602daeffa8cac6,MultiSigWalletWithDailyLimit
0xe564e0a6a545671d29ad690398c9e94a398434b3,FreezeTokensWallet
0x830aef165b900fa7dc6b219f062c5784f6436d67,MultiSigWallet
0xdecbd42e064b4d2aab28fd5443e634d4159e49be,MultiSigWallet
0xd4e222e4ac214103917bdb5c0124b4a1ce907874,MultiSigWallet
0xb7f0b13bb546ca63655ccbdcc3f21dc2a80bce85,MultiSigWallet
0xd482c677db5a44b23ba6eed7f4a355a6b1465619,MultiSigWallet
0xf71c7b20b3ee02a185b7b3661ac3630751de2e7d,MultiSigWallet
0x371d305f254ae991dbd9eeb55dc0b7f80e75f57e,MultiSigWallet
0x771226ea2e5eb2f0d4f373d0f42a63a3aa81cc3b,MultiSigWallet
0x9b1356cc6213b5d93a9afb34804ba87bdff37ea6,MultiSigWallet
0xe730f31d7f6bcf5406931b7e680c362c2dda303c,GameWallet
0x072266266a1268509829964e22b79f1476578cad,MultiSigWallet
0x44633fb7593c31339abfa5f9d2d85bf516b201f6,MultiSigWallet
0xc05cc69965d6d4396a0efc4ba372e80eedb2be28,MultiSigWalletWithDailyLimit
0xb3e8b2865298d765ba566a14e0552cddca235f3d,MultiSigWallet
0x060acfacadd315734771feb83ff076c05ae0c5bd,MultiSigWallet
0x91BD62e48282eA188998D04570eD8a3e237d3A6A,MultiSigWallet
0x8be901d10d3d6328bd00c8c9fd19d321bb3277c0,MultiSigWallet
0x734ab5eaee3a81b7f232cad0e2207719a97d7f1d,MultiSigWallet
0xb5a916e0468e2b7a129079fc35b74feb220e685a,MultiSigWallet
0x5c132656d4a43bb493828f20cdd24372522098f5,MultiSigWalletWithDailyLimit
0xb332a9893defa8ab4873c7c74930d299f33aa23b,MultiSigWallet
0x566f7a13877a5e0ca4cdbe1dd9fd0d5ca4d22170,LIXMultiSigWallet
0x47863b9e8c590323768e4352a78ca759bbd37e8b,MultiSigWallet
0x815bde5591933ad1b025b6a34462d7ec02c71710,MultiSigWallet
0xe25156d2c8d9ada4b02b4fd4b4190c003d0d781f,MultiSigWallet
0xa11cad54917fe2466dda7e20d2d335b10647ac86,MultiSigWallet
0x6bec76a319d3b97523f50137ba20ec63746ac49a,MultiSigWallet
0xe110b7b1b2a268e9792a57ab1b884998cf3850be,MultiSigWallet
0x94fa60ecd8071597672e937698575ac84bd52b79,CustomTrancheWallet
0xc5284E12632A01046D01a8dC886466f82071254b,MerchantWallet
0x1b3fd5af61f90f70816a2db2593d88e0901656ee,FaceWalletToken
0x8f548f0ceb23ddc9ee76e126b29fae94c607c3bc,MultiSigWalletWithDailyLimit
0x241592d6f9360f21a61ba951023b8bda430f1a5a,MultiSigWallet
0x5aa7ec82de098d957699d78a2515610707e89231,MultiSigWallet
0xd501a2b8d910270c36667da4e85fd3f50390e8df,MultiSigWallet
0x64a51dc1b6d914e6dc59e99bb6cad46e208c7358,MultiSigWalletWithDailyLimit
0x6e62d59eee63ef402946fe128aefd693e3a0e996,MultiSigWallet
0x201dcb47a936db8d0c6358783a7d24b37d5fd1cd,DataWalletCrowdsale
0x8db54ca569d3019a2ba126d03c37c44b5ef81ef6,(DataWalletToken) DataWalletToken
0x9cb8921aa376219950ba134c15d8f5ee2769c599,MultiSigWallet
0x0355e9f793acaf4c007e436b139dc10a965edc48,WalletCoin
0x7A46C781b593068d5e987b191e9c2f7413E22aEE,MultiSigWallet
0x215b4a7cd7f4ad4594867bbcc91cac08c83ab507,MultiSigWalletWithDailyLimit
0x535ab96be208f115302facee73ae976e9174ac0b,MultiSigWallet
0xb4ab3237e966d4d63026c9296019f5c74d3d2bdc,DevWallet
0x2fee479b98bce54f7b6466146e24512d8272ee6f,MultiKeyDailyLimitWallet
0x45699e1b4d79a63ef6fb39545a8eea713be714db,MultiSigWallet
0x64c8b3f5e6971330486F1E7c223c9ebBD6EBE4B5,MultiSigWallet
0xf248680D071820eBb747aEa688B9EEff75Ef9F27,MultiKeyDailyLimitWallet
0x3fd9aba22521d9ee3202a43bb132816a17973d43,MultiSigWalletWithDailyLimit
0xd3eb6f448cfc112e6e42fe922fbb627c891bd054,MultiSigWallet
0xc2f21e3d752834a38a0f8a68c4cef84df1eb4541,SimpleWallet
0xf8ac94af15f8325a6e5e8e3dfc3ba8a528dae237,InvestorWalletFactory
0xdd91fa3b84b1080f3b618cbc47e06c57def689b9,TrustWallet
0xaE23ADAC7F74BEc62712a9f70ADA7867f5a07dE2,MultiKeyDailyLimitWallet
0x2550d5989f10f1a732c9ffe48f97fe2b178ec2df,MultiSigWallet
0xe4429f4ec58ff05bc35cf396c2c1f54ca451bffa,MultiSigWallet
0x36FEf0a32D493fA86D6281205b924456597aAE5d,MultiSigWallet
0xbca230c0b76993bc21b67640d420fe9d8bc931aa,MultiSigWallet
0xa4f0a4bd9fbdac7cdf463fa49106b28985ac5ce4,MultiSigWallet
0x208d6ed75f6aacdb9c71099c0943736fddbf5989,MultiSigWallet
0x402e214433fa08f741c52a22b25fc24d71531617,MultiSigWallet
0xaa9cd621b5c47b62d7522c8c76241c8ec6fa75fa,MultiSigWalletWithDailyLimit
0xed5a90efa30637606ddaf4f4b3d42bb49d79bd4e,MultiSigWalletWithDailyLimitFactory
0x0d7a422dbda65fe5b075fe3132201f161f5fb159,MerchantWallet
0x4295293a646908ca3e0b82733383dde0ca29d8a0,MultiSigWallet
0x2130fde413f5f7465a4824b9630a7a1b74796173,MultiSigWalletWithDailyLimit
0x7bb187351421c3affda57c7a5132e304f73167c8,MultiSigWallet
0x9375f79b3c186e9cc380f9d5890110e21bf0f04d,eWalletContract
0x35d82234a9f2cfe1dc2fb7665c785e1755cfd559,MultiSigWallet
0x317e89f3404ec8821572c6b2328f1f813dad3d66,MultiSigWallet
0x903db1bf91cc22964cccfbe1a1875eb3b989f32a,TrustWalletFactory
0xd1bddb0b2175ebdb1c4a7e89424af923826dd8ef,MultiSigWallet
0xbf26b856d016421ce9187d3626b21ce6786af7f8,MultiSigWallet
0x4a96a471dae05d667648cf97fbf0ed926ced059a,UserWallet
0xd9cd28fea91845ef3045f00c5fd8acc1fb483494,MultiSigWalletWithDailyLimit
0x700620683311f2d150974b4f262bacfcf7ff5d8d,TokenTrancheWallet
0xd364934752d976b38eac0fe70170612a5b006665,MultiSigWalletWithDailyLimit
0x0c6d3593b3c196336ea8b90cb95ed5904ba51392,MultiSigWalletWithDailyLimit
0x808067e2f6e266319f71b2e21bdf99b59ead05c6,ProWalletToken
0xb369158bB88ef89e0F1E0bC53A291891a056c7D8,MultiSigWallet
0xAE66d00496Aaa25418f829140BB259163c06986E,(SuperWalletToken) SuperWalletToken
0x040d11c850fb167cddb1e4d308fe9062fddaebd1,MultiSigWallet
0xaf98a2bc242d93b5206b2ea7cf26e31d82c5873b,TrustWalletFactory
0x75b6ba2bc1b76cf80a8b05fd0876edeaff578edb,MultiSigWallet
0xdb0d31ab475f4841b35337c564dcb923084145e4,IcoMultiWallet
0x34a98a3f8fa9b57dc0e961c73d8540c33fecb81d,MultiSigWallet
0x7cda706c4e27e64bbb705a59bd59a3aba529b9eb,MultiSigWallet
0x635c68d892381213a2756d8faf1f19e9c4f7ba45,MultiSigWallet
0x5ec4b009fabff123e3bbdca12957891906c2e827,MultiSigWallet
0x5bd4b6ab074ede76baa2aec49dcf9edb89a90dcf,MultiSigWallet
0x1e2ca24d0d32580f6f514aaf01763b78cb7001cd,MultiSigWallet
0x1365b4ce628e26ae1bcab699e9558f011c62e488,IcoMultiWallet
0xcadB1B36299FeD994c966107573D78b2872Ba490,MultiSigWallet
0xb5fbae0361855617c58ef95a186889f0122e6642,MultiSigWallet
0x31074ec1f256Da57ddCE308d34A2e0BA661ef69C,UserWallet
0xc2c8300ba5b86cc4a394c0fe27fcc09920afd6f8,MultiSigWallet
0x02b0fd94c4f4b1e3e12abdf9b92c0939fa87abc0,MultiSigWalletWithDailyLimit
0x83c54a35e72ae07c46fc8f8f172a13ba19ac3bed,MultiSigWallet
0xaD08A4e274f48B5a05723031Abd054C5c6f4c8b2,MultiSigWalletWithDailyLimit
0x70997b693e1551667ce347d68d6ecc707cfd955a,MultiSigWallet
0xae90f7d519c0dfc29c6bc9990dcf78c4387a6ffb,RNTMultiSigWallet
0x7e8e9f04973682af459a458572afbf19f769aca5,Wallet
0x3f0a24a07b2d729a02640deb1d27cd00da72b799,MultiSigWallet
0x6e95c8e8557abc08b46f3c347ba06f8dc012763f,(GnosisMultisigFactory) MultiSigWalletWithDailyLimitFactory
0x267e3f45ba7f649dd84ed3aaa6feadb0d95a4bb4,MultiSigWallet
0x615ed6779507f223d04722d43ccc0cd871964e2a,MultiSigWallet
0x72408d340c300732c4b4B48c7d891826a856182a,WarmWallet
0xfdce6712cc14cff1d17e43cdd1fe2b29ade2fbeb,WalletAdminLib
0xa679f6a1db126f60ba1ed876d5235a63583c67be,WalletGetterLib
0x89b5b861dcb455483f48a87bf430bfa48cc6f385,WalletMainLib
0x78fb2c7276011d392226a9e75298424424294d0a,MultiSigWallet
0x9311f7ee5f48a807d598cdd68f43cd4e73ffa747,MultiSigWallet
0x08fca9bfaed36c29ee3435206158f13dedf4a859,MultiSigWallet
0x4e4ae4b72c960ad91fab1e18253d16cdac6a091c,(VyralMultiSigWallet) MultiSigWallet
0x723f74668599c9327138bc97bff04eb9ad44a3fa,MultiSigWallet
0x930ba3ca7ed61e59f9c1833dcff1866257150443,MultiSigWallet
0xef3592044fbdeab25af71840c83c2b1236093448,EthWallet
0xb42b1bdc82e1c6a79a1e3d6d7e964763e742922e,MultiSigWallet
0xfc5c6c8015962e7035f3bdc5fe7ec94bedc77833,(EthealMultisigWallet) MultiSigWallet
0xA11202c1939e7e43A6B53096F574e021a1fC9708,PasswordRecoverableWallet
0x5bf4796c4e69204ca2cef6906cdde7be6761b372,MultiSigWallet
0x05d86af519cf2017d82103c2c2dcc7db5becd641,MultiSigWallet
0x24ba6182d6f9c3bf5627c6acc52611e970e75283,MultiSigWalletWithDailyLimit
0x63c66a8afb5041ca4abe5bc0d1a50bcdfb72c159,MultiSigWalletWithDailyLimit
0x726b61fa2a732c5946dd5059cad6f6f838c5ccfe,MultiSigWallet
0xd1436f0a5e9b063733a67e5dc9abe45792a423fe,MultiSigWallet
0x7eb5a5ffac9f4e10a8745160efcc2568ee9f7879,FsTkCMultiSigWallet
0x0d139b8d010ede5d6439b02e49810b912238a734,MultiSigWallet
0x23e85f949356a16946bf4ec9e1d05fde6b21e503,MultiSigWallet
0x83b7EEb4D6eC1289578186f1da64A876DC71FCbb,MultiSigWallet
0x04c62019ab478bff5874e7b7d9bc84fcf7e30025,MultiSigWallet
0xa4bfe38260be461f17ef17b29df8c32eb4d33043,MultiSigWallet
0xd08037abf956cc70e2c0987e91cfbcb8f09559ec,MultiSigWallet
0x0b24fdf35876bbe2a1cc925321b8c301017474d4,JustWallet
0xe350ca978a8afb5ec1a3e72f581ecf6b394cf761,Wallet
0x09F1621d2549bE2A90C3EC8a4e3F361eD7Baa0f6,MultiSigWallet
0x65d16ecca7609c8f596d36c40cd41c93635191d2,MultiSigWalletFactory
0x8231CE24732BeeB67E99eAb54accFcD9A33D96BD,(MistokenWallet) Crowdsale
0xB321fe9D7B547e1b225b4e73cE1138531024663D,MultiSigWalletWithDailyLimit
0xb9fca7a07f3e2ac4c113e2783ac5014c2a0252a2,MultiSigWallet
0x5e3862f37778C9Ea56843724148dB7056b78c24d,MultiSigWallet
0x519c5dcaa311ca31009a3fcc7e03f7b24a55ff42,MultiSigWallet
0x42338FF7E4C3B999Eb69B521323657017cE08727,MultiSigWallet
0xfb1a507782d6ad636f02bb80bc29f687027d582c,MultiSigWallet
0x0e416dd32359a7825ef580ff2527c3280c1e07fa,MultiSigWallet
0x878d7ed5c194349f37b18688964e8db1eb0fcca1,MultiSigWallet
0x054a543fdcd9db5513d51dca3b092d61f57fd709,MultiSigWallet
0x5311724c476327db0d5d1fc41cc58a466f3974bd,MultiSigWallet
0x59327068e9959af73715a87d533bf5ae175ef1db,MultiSigWallet
0x093b989c2035e9d19b33778d256b0b8e12e50fc8,MultiSigWallet
0x2a07af7adc26be293f20115c9d5b0340e44ed5cc,MultiSigWallet
0x8862d55fa8e1d766b386f08d869d7fbcf5b96a06,MultiSigWallet
0xc0ffeee61948d8993864a73a099c0e38d887d3f4,MultiSigTokenWallet
0x9c86825280b1d6c7dB043D4CC86E1549990149f9,SimpleWallet
0x90420B8aef42F856a0AFB4FFBfaA57405FB190f3,MultiSigWallet
0x16a0772b17ae004e6645e0e95bf50ad69498a34e,MultiSigWallet
0x05cf67329a262818e67c080e9d511a34d36152c0,MultiSigWallet
0xb5dddb7879138e567dd2c94a76341d5aa3562a75,MultiSigWallet
0x290D7f8B8d7DA1E92903405A74667C934ca8F086,Wallet
0x6612a2cac21a89159ad152488fd1f843d33843e4,Wallet
0xf4702b0918A8a89dfC38459Ce42198834818F26B,Wallet
0x325d1a1b19e8a9081d874dcd463bba78d34d576f,MultiSigWalletWithDailyLimit
0x8bb2129eb6ae7592539e0c3053ebca6bc99c4e81,MultiSigWallet
0x83e82cea898b1ed1785bc3beac86034913831e60,MultiSigWallet
0x925f94b875a2289bf300f9886fd2b8ca9dd0f12c,MultiSigWallet
0x0F4a28085713c1a5DEdc5D6f471c79AFe2d9321e,MultiSigWallet
0x2ebdfaa028d682472f4e084fcf7c624098b776e1,MultiSigWallet
0x50AbfC76b637b70571C301071F7CE660c1C3d847,WalletClub
0xd3a0c9c4a9f3b65965cddf7340e6353cf3132269,MultiSigWallet
0xf1492a63c6abcb482499947aa15ca167ef836c9b,(DovuMultiSigWallet) MultiSigWallet
0x228837072115f63d973cdfe83311a434a6075b9c,MultiSigWallet
0xc36c66be13a09ab2715ee7ab8140a0e07e9b4f99,MultiSigWallet
0x2812ce48e96530f7c7ebc0f6eff9c195c9dcd0be,MultiSigWallet
0x6c9e70d6682ea36ff340153d574b2c523671b107,MultiSigWallet
0x8cd8baa410e9172b949f2c4433d3b5905f8606ff,MultiSigWallet
0xe7dfDF4b7Dd5e9BD0bb94d59379219B625A6433d,MultiSigWallet
0x62eA4DEd70ACBd1bB9af54cc87f9141835E90894,MultiSigWallet
0xB47aD434C6e401473F1d3442001Ac69cda1dcFDd,MultiSigWallet
0xc862705dda23a2bab54a6444b08a397cd4dfcd1c,MultiSigWallet
0x39053e1cf324b9667f21e513f3c968e2febf5181,MultiSigWalletWithDailyLimit
0xbc512b1d63110c286fd821a73855117fc395464d,MultiSigWalletWithDailyLimit
0xdad697274f95f909ad12437c516626d65263ce47,MultiSigWallet
0x75764e5AeD7FE9269D89b7c293727422a0454228,PsyMultiSigWallet
0x264bEB950EA87fF23DD1445Ae1AFDd1229Da4d08,MultiSigWallet
0xc5cdcd5470aef35fc33bddff3f8ecec027f95b1d,MultiSigWallet
0x5904957d25d0c6213491882a64765967f88bccc7,MultiSigWallet
0xb5F4651540ae4AD3a5c2a89B0D14eB06df886745,SimpleMultiSigWallet
0x36ce21c241def87c61145abc0ce9dc172921e1ab,MultiSigWallet
0xe9203c8c8eeaeffefecffad6d883c3ea205a832b,(BitJobMultiSigWallet) MultiSigWallet
0xc6cde7c39eb2f0f0095f41570af89efc2c1ea828,MultiSigWallet
0x1fd8adf942aaf8f7719fb0a6ca3feca9d1adcbd2,MultiSigWallet
0x0679b3b89a1a6ed7a0247e232a762f966008be80,MultiSigWallet
0x9Ea7BA960A2668Df52eE0389C4617D48853b7006,MultiSigWallet
0xb004959e359fc940aec26d6099cd422ceb4dd622,MultiSigWallet
0xf41624c6465e57a0dca498ef0b62f07cbaab09ca,MelonWallet
0x035a401972f228b58dcae76bf318b54ed036d680,MultiSigWallet
0x4e29e281ed7bac9c4a3b93f5a2b1b8920916b17e,MultiSigWallet
0xa1c4375fec1a157c11dfebea7ad709fab57f7d3c,(DAPowerPlayMultiSigWallet) MultiSigWallet
0x7cbb6bf92a288fa3e28cb32a60e4cc0c88d8f2bf,Wallet
0x126799e70341c54203d241c92c1f511dbe75aded,MultiSigWallet
0xf16d5733a31d54e828460afbf7d60aa803a61c51,MultiSigWallet
0xbc1aB7F58a95cf307Ba5Ee18CF06b7eD0120da7a,MultiSigWalletWithDailyLimit
0x34f61ff92cd0f49a358a9fdedde62898b9d70901,InterCrypto_Wallet
0x13143a660635d0bc703ff5674e66850cf6be6e12,MultiSigWallet
0x8d790f3989b6d24f38beb978c1c813d608bb0c81,MultiSigWallet
0x33107312890cf911020351d24c15c622a7df608b,DWalletToken
0xcdf89e7f44fcc837630fb4a10387ca81eba6932a,MultiSigTokenWallet
0x12e751b52e6047fa6f66570a8b1d27b3cb5d714d,MultiSigWallet
0x6745dde69632ea1820ad6781d0a49b9670472837,MultiSigWallet
0x57feddbc093c4b3fdd542a8115eca5bcd33812ac,WalletGetterLib
0x90aa9a12de088968443ddab93942ffb23807fa5c,WalletAdminLib
0xdd9dbcc279b0e034ce74db24015ebf2606d88539,WalletMainLib
0x78a06472d78bfef33270654319b6373d51cf0575,EasyMineTokenWallet
0xae57725a23984dc94f82cc3b343185f00386feb8,ProWalletToken
0x897c6cf1996edfb2126703dcecf038df646298fa,TradersWallet
0xbf6008bd7ac150e50fbb4efe6aa6af5ae47362b9,MultiSigWallet
0xc0354425ab97321dba1fd6a35242a6463acdcece,StarbasePresaleWallet
0x6067f3fe6e565f515c2c43b84582e1acc618c521,MultiSigWallet
0x33a22bcafd6ef4e4a5e322f9a3910298a3c043a8,MultiSigWallet
0xa419515d1a8393af96618a69ac4a06911f7dab6b,ContributionWallet
0xe5d0c3fea1e5f01ca4098e9580b93b3b5d0ea768,MultiSigWallet
0xd1DD82d1dED8f40c200b89455050E9C18D918504,UserWallet
0x5b9e8728e316bbeb692d22daaab74f6cbf2c4691,WalletSimple
0x01d9f4d104668cdc0b6d13c45dff5e15d58d8f28,MultiSigWalletWithTimeLockExceptRemoveAuthorizedAddress
0x606af0bd4501855914b50e2672c5926b896737ef,(ZRX-Org) MultiSigWallet
0xDB63D40C033D35E79CdbB21430f0FE10E9D97303,(ZRX-TeamVesting) VestingWallet
0x50FBe8a6e0dEEd2dFa7821644353de11A6E874e4,MultiSigWallet
0x6fb25777000c069bf4c253b9f5f886a5144a0021,ThreesigWallet
0x48f535677d3cb97dad6af9a9a75071120d98a486,MultiSigWallet
0x99892ac6da1b3851167cb959fe945926bca89f09,MultiSigWallet
0x00674045bb7c17f0aa1cde34780d6c51af548728,(ProspectorsMultisig) MultiSigWalletWithDailyLimit
0x46309389fb1bf3adf73cfee86d0ded347adb88f8,MultiSigWallet
0x4f2875f631f4fc66b8e051defba0c9f9106d7d5a,WalletLibrary
0xaaec8b72a46be4aa4d8709ce182ed584c387e944,ThreesigWallet
0x3dd88b391fe62a91436181ed2d43e20b86cde60c,MultiSigWallet
0xa8f8fdad7d6514288a5dea2b8d6f7f2cc3ee5eb2,MultiSigWalletWithDailyLimit
0x42c1b347c470d746d096e3b1420a31b29f35291a,MultiSigWallet
0x9719b7df211eca65b7b6509698eed98bc9112ca8,MultiSigWallet
0x8ff920020c8ad673661c8117f2855c384758c572,MultiSigWallet
0xb24e9e3dc822daa8ace9af9c9b2ff8ab8348bc93,Wallet
0xC16ba0Bf101682e0E7fcBD0B7BC160A8E2E59471,Wallet
0x863df6bfa4469f3ead0be8f9f2aae51c91a907b4,WalletLibrary
0x24b995ac53f7916923bc594d506ffc34fe3fc78c,CrowdWallet
0xf849250bdb22c665ec79928fda5a064afabc9d00,(HarbourDAO-Multisig) MultiSigWallet
0xBcB2797F9A74D9099d6077c743FEB3bc812EB2A4,Wallet
0x1bb7804d12fa4f70ab63d0bbe8cb0b1992694338,MultiSigWallet
0x8b94ed0a4b7295e87cad917c74a2c91739abb8f6,MultiSigWallet
0xc330c1a3c7db9c75f60aed0a9b7c0fc5fa22d5a2,MultiSigWallet
0xa723606e907bf84215d5785ea7f6cd93a0fbd121,MultiSigWallet
0x77faed976e187f26b49e78be8418ab074a341f26,(IWToken) IntegrativeWalletToken
0xe31ddd7fbcfe592c2e3d397f51feb19b5a2126f5,MultiSigWallet
0x3442bF71687874FBe7cB1bF3b166CC9345b46f17,MultiSigWallet
0xF04d145dd24E05E6ac9149302B62970769795fBa,MultiSigWalletWithDailyLimit
0x0f64Db5a527850B8Fc8025F9c49Adb734fdf43eD,MultiSigWallet
0x3b505511a928c04423df358b8f1fa7d231fb2a49,MultiSigWallet
0xc03281af336e2c25b41ff893a0e6ce1a932b23af,(HelloGoldMultisigWallet) MultiSigWallet
0x8d2AAE6a7EB63Ba89c36e82385f096d41074Cd87,Wallet
0x4038e930ad78c53dc885a6b3a7d9db0d317c8662,MultiSigWallet
0x7171d368b76f5607ddd6233a00f5c2f5d82a95e4,MultiSigWallet
0x8c959f04ea4a9111a49dc34df9de59ca8e23037c,MultiSigWallet
0x1a8cc57f1155d7df4626978401e203e00da097f7,MultiSigWallet
0x225fab77fa9251138f674b5b93c2332c5ba07bec,MultiSigWallet
0xa7c5fe3fbb37a86705049796faddccfd4bd5ff3f,MultiSigWallet
0x66e32d375642Ce9c8202CaEA1F6A83b0C3Caf32c,(InvestFeedMultiSigWallet) MultiSigWallet
0x2612A761fa34a8E5b8613c2DF67C3163094dA68c,ContributionWallet
0x7E2FE61AFC64CA49A8EE24Abf6EddA165962a21e,MultiSigWallet
0x9E68d7Fe52aD18F7c68cBD0FcDE6266A68F056f5,MultiSigWallet
0xF1072e1D02Ce862c31a5947C6d6ef5fBe848b8b7,MultiSigWallet
0xa7edeba1e5cf1d3a17d67ed590292ce7bb9e6cd8,IntegrativeWalletToken
0xfbd2d8aea3e183e2786ece61665ccaf7574e548b,MultiSigWallet
0xef82b51cd11b2cd198e7d9f7c75a486dd072194c,MultiSigWallet
0x88c34053408de547ea4dc0c0ff7d9598afe54eeb,MultiSigWallet
0x8fc489fb4999c57c4ffb31b8df2388666797239b,Wallet
0x7199C3fBc0832e8798d2514eEAa88f0CE597698D,MultisigWallet
0xBBF0cC1C63F509d48a4674e270D26d80cCAF6022,MultiSigWallet
0x2fdfdc48b4ca0021e4c629f137d151b5910e6cd0,ContributionWallet
0xa646e29877d52b9e2de457eca09c724ff16d0a2b,MultiSigWallet
0x40a05d4ce308bf600cb275d7a3e9113518f59c54,MultiSigWallet
0x8dc103a4864d4f6bab920e3fc9e3d48567bec173,MultiSigWallet
0xd4eb8e0bb87c1630c34b7d39a5fa74b67bcce3d1,Wallet
0x0465028899f4a56b13eef1725f95998a1b73a4f3,Wallet
0x6ea8c3e29fa652a82b8a9b63598eba4c0f8ea17d,MultiSigWallet
0x3f6e75dea1a997bf6bb59334c425cf7f0803f3c7,MultiSigWallet
0x0479fffd26537699110c161c1b744828b3f7d771,MultiSigWallet
0x594644ef07741b8893a45761eae38b9a14d09c9b,MultiSigWallet
0x99b24e4657a43687bc872be214ae4e32ddc0d3c7,MultiSigWallet
0x55d8988efec8af2551776baae6baa593660238d2,MultiSigWallet
0xb1021477444c6566509e1b80d2c99e9603a31c47,(FundYourselfNow) Wallet
0x40f4991411ac5377675c421e87378e10470134a3,Wallet
0x514ab9fb627de22542f9aa7e561980e46bf17272,wallet
0xc0ffee60Fc383278FC94885d7f7584977Bfa00AA,Wallet
0x28c424094a5452117078a4fc5cd09bf03ac40b95,MultiSigWallet
0x6d3b568225407f18f12742b488084cd9a69dafad,MultiSigWallet
0xe18ce35060f39ed5c68b92629230aadcd79ea6e3,MultiSigWallet
0x7e6614722614e434c4df9901bab31e466ba12fa4,(MysteriumDev) MultiSigWallet
0xa1916efb6f9ff61196050a3bcd5c391643334145,MultiSigWallet
0xc778847f3ebe78f0ae54a6dd50057cb0332e411c,MultiSigWallet
0xc1caec30b787711108957660a3f9306a5d967f66,BranchWallet
0xc32b02f8d0b39e38d5fd53f73a9b5fdb5c45c47c,MultiSigWallet
0xf9a5e0436c01cc15708449e480fa5f2d6a5b55ca,MultiSigWallet
0x5ef72fda82d53047d1f8b5baab484e9466150a6a,MultiSigWallet
0x369587824c77812c8292029fc2860e56b586ced9,Wallet
0x6122ec9afd332356460f40f215ee81d3e5fa3b96,Wallet
0xf93599ba824af259d66742e563cb56310923fadd,SaleWallet
0x29E18B82F99f9f485b2F4f0AD13d343e62A1454C,MultiSigWalletWithDailyLimit
0x851b7f3ab81bd8df354f0d7640efcd7288553419,(Gnosis-AuctionWallet) MultiSigWalletWithDailyLimit
0x0af5f9a338870073707939b39a0ea3ebc0bad00b,Wallet
0x0c9a023dc047bc3140ece933dd285c50379a9d4a,MultiSigWalletWithDailyLimit
0xfd13d75f8d0c4fe4e9b20b769f006a21fc3004f1,Wallet
0xbeefbeef03c7e5a1c29e0aa675f8e16aee0a5fad,MultiSigWallet
0xa657491c1e7f16adb39b9b60e87bbb8d93988bc3,WalletLibrary
0x34912f042fb126fb9ea2a72ed1116a8d33d12487,Wallet
0xcafe1a77e84698c83ca8931f54a755176ef75f2c,(Aragon_Multisig) MultiSigWallet
0xbd26b72fb6cbe250178a0e37fab067781a051550,Wallet
0xe8baf9df0ded92c5f28aab97f13936e7716a4a5b,Wallet
0x911143d946ba5d467bfc476491fdb235fef4d667,(ENS-Multisig) MultiSigWallet
0x35792029777427920ce7aDecccE9e645465e9C72,MultiSigWalletWithDailyLimit
0x2AbF00B596f4cB10384654DCD76253B3140d35Ff,Wallet
0x8f951903c9360345b4e1b536c7f5ae8f88a64e79,MultiSigWallet
0x91efffb9c6cd3a66474688d0a48aa6ecfe515aa5,Wallet
0xf7e983781609012307f2514f63d526d83d24f466,(MyEtherWalletDonationsToken) MiniMeToken
0x68387152Da230EC518154Ae8e74bdA3BE4070049,Wallet
0xA2D4035389aae620E36Bd828144b2015564C2702,(Plutus.it) Wallet
0xdc895e94a0d5ad974af1b5729b10aa9cb7e58843,Wallet
0xc2d4290aa2dee92c6ad85ecd580d1216010e92d0,Wallet
0xab7c74abC0C4d48d1bdad5DCB26153FC8780f83E,Wallet
0x675283432d53531e11eD459C51FB508B7C9585Fb,testwallet9
0x0f8dffce81d890c67fdd71cf21e68c92ac10c687,Wallet
0x7da82c7ab4771ff031b66538d2fb9b0b047f6cf9,(GolemMultisig) MultiSigWallet
0x32bacc8b241fb172fee18bda32527126c6f3c5f7,Wallet
0xb10ba7b334d3bd1b2110ba00bca39696b6df406d,Wallet
0x293c008e3060746f728ea59565b7a33dc68802be,HotWallet
0x5cb5F46a655C02889172323760d12d0e5D83CDAf,Wallet
0x6ff323e36bfdb20502b23780695f4e77e36cde95,TriWallet
0xda4a4626d3e16e094de3225a751aab7128e96526,(TheDaoCurator) Wallet
0x253137971b86074021334FB5B7E03ebf2545ead3,Wallet
0x50f54ed2cafd4b7245e60557a6b56d9ac9193025,Wallet
0x273930d21e01ee25e4c219b63259d214872220a2,Wallet
0xbF35fAA9C265bAf50C9CFF8c389C363B05753275,Wallet
